faculty,building,room,capacity,lecturer_email,lecturer_firstname,lecturer_surname
Faculty of Art,B10,R1002,220,CM2Z1@UoNEHT.ac.uk,Cynthia,Moore
Faculty of Art,B10,R1007,440,DH1Z1@UoNEHT.ac.uk,Diana,Hawkins
Faculty of Art,B10,R2012,70,AM2Z1@UoNEHT.ac.uk,Andrea,Merritt
Faculty of Art,B10,R2014,420,SN1Z1@UoNEHT.ac.uk,Samantha,Nelson
Faculty of Art,B15,R1001,460,RF1Z1@UoNEHT.ac.uk,Ronald,Fernandez
Faculty of Art,B15,R1002,40,HR1Z1@UoNEHT.ac.uk,Hailey,Rodriguez
Faculty of Art,B15,R1004,160,JD2Z1@UoNEHT.ac.uk,James,Davis
Faculty of Art,B15,R1006,390,AM4Z1@UoNEHT.ac.uk,Austin,Murphy
Faculty of Art,B15,R1010,430,GF2Z1@UoNEHT.ac.uk,Greg,Frazier
Faculty of Art,B15,R2018,220,DS2Z1@UoNEHT.ac.uk,Danielle,Schneider
Faculty of Art,B15,R3020,60,HD1Z1@UoNEHT.ac.uk,Hannah,Dunlap
Faculty of Art,B15,R4028,400,AD1Z1@UoNEHT.ac.uk,Adrian,Diaz
Faculty of Art,B15,R4028,400,CM1Z1@UoNEHT.ac.uk,Christopher,Moyer
Faculty of Art,B15,R4030,470,JP1Z1@UoNEHT.ac.uk,Jeremy,Pearson
Faculty of Art,B15,R4031,50,MM2Z1@UoNEHT.ac.uk,Melanie,Morse
Faculty of Art,B16,R3004,180,JB4Z1@UoNEHT.ac.uk,John,Bowen
Faculty of Art,B16,R5012,110,KJ1Z1@UoNEHT.ac.uk,Kevin,Jones
Faculty of Art,B16,R5020,180,MO2Z1@UoNEHT.ac.uk,Morgan,Ortiz
Faculty of Art,B16,R6026,170,DG1Z1@UoNEHT.ac.uk,Douglas,Gross
Faculty of Art,B16,R6040,20,MK2Z1@UoNEHT.ac.uk,Michael,Key
Faculty of Art,B16,R6061,50,HS2Z1@UoNEHT.ac.uk,Heather,Scott
Faculty of Art,B16,R8074,190,MM2Z1@UoNEHT.ac.uk,Melanie,Morse
Faculty of Art,B18,R1000,390,CR1Z1@UoNEHT.ac.uk,Cheryl,Rogers
Faculty of Art,B18,R1005,140,KC2Z1@UoNEHT.ac.uk,Katie,Carter
Faculty of Art,B18,R1007,270,JG4Z1@UoNEHT.ac.uk,Joshua,Guerra
Faculty of Art,B18,R1009,130,GJ1Z1@UoNEHT.ac.uk,Gina,Jackson
Faculty of Art,B18,R1012,220,JM2Z1@UoNEHT.ac.uk,Jordan,Mendoza
Faculty of Art,B19,R1001,400,LG3Z1@UoNEHT.ac.uk,Lisa,Greer
Faculty of Art,B19,R1006,390,JR1Z1@UoNEHT.ac.uk,Jonathan,Ramos
Faculty of Art,B19,R1006,390,NL1Z1@UoNEHT.ac.uk,Nicole,Little
Faculty of Art,B19,R1009,30,KM1Z1@UoNEHT.ac.uk,Kevin,Myers
Faculty of Art,B1,R2004,180,TL1Z1@UoNEHT.ac.uk,Thomas,Larson
Faculty of Art,B1,R2006,390,MO1Z1@UoNEHT.ac.uk,Monica,Obrien
Faculty of Art,B1,R2010,390,JC7Z1@UoNEHT.ac.uk,Jacqueline,Clark
Faculty of Art,B1,R3016,20,JO1Z1@UoNEHT.ac.uk,John,Olson
Faculty of Art,B1,R4017,50,NH1Z1@UoNEHT.ac.uk,Nicholas,Hamilton
Faculty of Art,B1,R4020,340,LG3Z1@UoNEHT.ac.uk,Lisa,Greer
Faculty of Art,B1,R4026,430,PM1Z1@UoNEHT.ac.uk,Peter,Melendez
Faculty of Art,B1,R5033,160,DH1Z1@UoNEHT.ac.uk,Diana,Hawkins
Faculty of Art,B1,R5038,330,RG1Z1@UoNEHT.ac.uk,Rebecca,Gross
Faculty of Art,B1,R5051,210,MF1Z1@UoNEHT.ac.uk,Michael,Fitzgerald
Faculty of Art,B21,R13071,220,JR2Z1@UoNEHT.ac.uk,Jennifer,Reid
Faculty of Art,B21,R2003,400,CW1Z1@UoNEHT.ac.uk,Christopher,Wright
Faculty of Art,B21,R5018,200,AD3Z1@UoNEHT.ac.uk,Alicia,Daniels
Faculty of Art,B21,R8048,210,KM2Z1@UoNEHT.ac.uk,Kyle,Miller
Faculty of Art,B21,R8054,320,NC2Z1@UoNEHT.ac.uk,Nancy,Contreras
Faculty of Art,B22,R2003,30,AC1Z1@UoNEHT.ac.uk,Alexis,Crosby
Faculty of Art,B22,R3008,70,JH1Z1@UoNEHT.ac.uk,John,Hall
Faculty of Art,B22,R3013,440,HD1Z1@UoNEHT.ac.uk,Hannah,Dunlap
Faculty of Art,B22,R6022,390,JC6Z1@UoNEHT.ac.uk,Jeremy,Cooper
Faculty of Art,B22,R6024,60,AM4Z1@UoNEHT.ac.uk,Austin,Murphy
Faculty of Art,B28,R1004,440,MO1Z1@UoNEHT.ac.uk,Monica,Obrien
Faculty of Art,B28,R3019,260,AM6Z1@UoNEHT.ac.uk,Abigail,Mendoza
Faculty of Art,B28,R6035,470,SC2Z1@UoNEHT.ac.uk,Sara,Cohen
Faculty of Art,B28,R8041,290,MS1Z1@UoNEHT.ac.uk,Maria,Spencer
Faculty of Art,B28,R8042,330,TD2Z1@UoNEHT.ac.uk,Todd,Dean
Faculty of Art,B28,R9045,20,KM2Z1@UoNEHT.ac.uk,Kyle,Miller
Faculty of Art,B28,R9047,70,WM1Z1@UoNEHT.ac.uk,William,Mccarty
Faculty of Art,B36,R1000,450,MW2Z1@UoNEHT.ac.uk,Michael,Walter
Faculty of Art,B36,R1001,160,DH1Z1@UoNEHT.ac.uk,Diana,Hawkins
Faculty of Art,B36,R1001,160,MS5Z1@UoNEHT.ac.uk,Melissa,Spence
Faculty of Art,B36,R1002,150,JJ3Z1@UoNEHT.ac.uk,Jared,Jackson
Faculty of Art,B36,R2004,320,KJ1Z1@UoNEHT.ac.uk,Kevin,Jones
Faculty of Art,B36,R2010,380,DS2Z1@UoNEHT.ac.uk,Danielle,Schneider
Faculty of Art,B36,R2013,380,CO1Z1@UoNEHT.ac.uk,Cindy,Ortiz
Faculty of Art,B37,R4020,490,RM5Z1@UoNEHT.ac.uk,Richard,Munoz
Faculty of Art,B37,R4024,200,AD5Z1@UoNEHT.ac.uk,Adrian,Dean
Faculty of Art,B37,R4028,480,HS1Z1@UoNEHT.ac.uk,Helen,Skinner
Faculty of Art,B37,R7040,460,SS1Z1@UoNEHT.ac.uk,Steven,Smith
Faculty of Art,B37,R7043,30,SJ1Z1@UoNEHT.ac.uk,Sheila,Jefferson
Faculty of Art,B37,R7048,280,AC1Z1@UoNEHT.ac.uk,Alexis,Crosby
Faculty of Art,B40,R1004,260,JS1Z1@UoNEHT.ac.uk,Jonathan,Serrano
Faculty of Art,B40,R1004,260,RG1Z1@UoNEHT.ac.uk,Rebecca,Gross
Faculty of Art,B40,R2010,370,RC2Z1@UoNEHT.ac.uk,Robert,Cohen
Faculty of Art,B40,R2015,240,JR2Z1@UoNEHT.ac.uk,Jennifer,Reid
Faculty of Art,B40,R2015,240,SC1Z1@UoNEHT.ac.uk,Sharon,Campbell
Faculty of Art,B40,R2018,490,AD6Z1@UoNEHT.ac.uk,Andrew,Davis
Faculty of Art,B40,R2018,490,JG3Z1@UoNEHT.ac.uk,Justin,Gardner
Faculty of Art,B40,R2022,220,KA1Z1@UoNEHT.ac.uk,Kayla,Arnold
Faculty of Art,B40,R2023,20,IS1Z1@UoNEHT.ac.uk,Isabella,Sherman
Faculty of Art,B40,R2023,20,MH1Z1@UoNEHT.ac.uk,Matthew,Harrison
Faculty of Art,B43,R1013,470,LM1Z1@UoNEHT.ac.uk,Lisa,Morgan
Faculty of Art,B43,R1018,310,GC1Z1@UoNEHT.ac.uk,Gabrielle,Cantu
Faculty of Art,B43,R2019,240,JG3Z1@UoNEHT.ac.uk,Justin,Gardner
Faculty of Art,B43,R2023,280,BJ1Z1@UoNEHT.ac.uk,Bruce,Jenkins
Faculty of Art,B43,R2026,430,TD2Z1@UoNEHT.ac.uk,Todd,Dean
Faculty of Art,B43,R3034,450,CC3Z1@UoNEHT.ac.uk,Christine,Clarke
Faculty of Art,B43,R6058,260,AH1Z1@UoNEHT.ac.uk,Anthony,Harvey
Faculty of Art,B43,R6079,360,AT3Z1@UoNEHT.ac.uk,Adriana,Tapia
Faculty of Art,B44,R3013,270,JG4Z1@UoNEHT.ac.uk,Joshua,Guerra
Faculty of Art,B44,R3013,270,KM1Z1@UoNEHT.ac.uk,Kevin,Myers
Faculty of Art,B44,R3018,350,TW3Z1@UoNEHT.ac.uk,Tina,West
Faculty of Art,B44,R5024,460,JD2Z1@UoNEHT.ac.uk,James,Davis
Faculty of Art,B44,R9057,100,MM2Z1@UoNEHT.ac.uk,Melanie,Morse
Faculty of Art,B46,R2014,380,JM7Z1@UoNEHT.ac.uk,Janice,Moss
Faculty of Art,B46,R3040,30,CS2Z1@UoNEHT.ac.uk,Carolyn,Sellers
Faculty of Art,B46,R3040,30,MO2Z1@UoNEHT.ac.uk,Morgan,Ortiz
Faculty of Art,B46,R3042,120,GF2Z1@UoNEHT.ac.uk,Greg,Frazier
Faculty of Art,B46,R3043,410,HS1Z1@UoNEHT.ac.uk,Helen,Skinner
Faculty of Art,B47,R1004,450,JM7Z1@UoNEHT.ac.uk,Janice,Moss
Faculty of Art,B47,R2008,310,MS1Z1@UoNEHT.ac.uk,Maria,Spencer
Faculty of Art,B47,R3010,430,JC7Z1@UoNEHT.ac.uk,Jacqueline,Clark
Faculty of Art,B47,R3012,20,AM5Z1@UoNEHT.ac.uk,Andrea,Marshall
Faculty of Art,B47,R3014,320,AD3Z1@UoNEHT.ac.uk,Alicia,Daniels
Faculty of Art,B48,R1001,80,JB1Z1@UoNEHT.ac.uk,Janice,Bradford
Faculty of Art,B48,R1002,460,JB3Z1@UoNEHT.ac.uk,Joshua,Browning
Faculty of Art,B48,R5026,290,JB1Z1@UoNEHT.ac.uk,Janice,Bradford
Faculty of Art,B48,R8066,350,JG4Z1@UoNEHT.ac.uk,Joshua,Guerra
Faculty of Art,B48,R8066,350,MS5Z1@UoNEHT.ac.uk,Melissa,Spence
Faculty of Art,B50,R1002,90,BP1Z1@UoNEHT.ac.uk,Brandon,Pham
Faculty of Art,B50,R1003,140,AH1Z1@UoNEHT.ac.uk,Anthony,Harvey
Faculty of Art,B50,R1009,240,JM4Z1@UoNEHT.ac.uk,Joshua,Mckinney
Faculty of Art,B50,R1010,50,AM2Z1@UoNEHT.ac.uk,Andrea,Merritt
Faculty of Art,B50,R1012,330,MO2Z1@UoNEHT.ac.uk,Morgan,Ortiz
Faculty of Art,B57,R1000,180,JH1Z1@UoNEHT.ac.uk,John,Hall
Faculty of Art,B57,R1000,180,RJ1Z1@UoNEHT.ac.uk,Robert,Jones
Faculty of Art,B57,R1004,150,PG1Z1@UoNEHT.ac.uk,Philip,Gordon
Faculty of Art,B57,R1005,190,SC1Z1@UoNEHT.ac.uk,Sharon,Campbell
Faculty of Art,B57,R1007,40,SS1Z1@UoNEHT.ac.uk,Steven,Smith
Faculty of Art,B57,R1011,260,AD3Z1@UoNEHT.ac.uk,Alicia,Daniels
Faculty of Art,B57,R1014,30,JG3Z1@UoNEHT.ac.uk,Justin,Gardner
Faculty of Art,B57,R1020,200,SA1Z1@UoNEHT.ac.uk,Scott,Arnold
Faculty of Art,B57,R1021,230,TD1Z1@UoNEHT.ac.uk,Tina,David
Faculty of Art,B58,R2023,120,JM4Z1@UoNEHT.ac.uk,Joshua,Mckinney
Faculty of Art,B58,R7068,170,GD1Z1@UoNEHT.ac.uk,Gail,Dudley
Faculty of Art,B58,R9079,50,AD6Z1@UoNEHT.ac.uk,Andrew,Davis
Faculty of Art,B5,R2007,200,KS1Z1@UoNEHT.ac.uk,Kimberly,Schroeder
Faculty of Art,B5,R2008,440,TL1Z1@UoNEHT.ac.uk,Thomas,Larson
Faculty of Art,B5,R2010,490,KM1Z1@UoNEHT.ac.uk,Kevin,Myers
Faculty of Art,B5,R2018,140,AM5Z1@UoNEHT.ac.uk,Andrea,Marshall
Faculty of Art,B5,R3022,250,SA1Z1@UoNEHT.ac.uk,Scott,Arnold
Faculty of Art,B5,R3035,340,JR1Z1@UoNEHT.ac.uk,Jonathan,Ramos
Faculty of Art,B5,R3043,50,MO1Z1@UoNEHT.ac.uk,Monica,Obrien
Faculty of Art,B5,R3044,70,JS1Z1@UoNEHT.ac.uk,Jonathan,Serrano
Faculty of Art,B5,R5054,360,PR1Z1@UoNEHT.ac.uk,Phillip,Roberts
Faculty of Art,B5,R5060,460,AH4Z1@UoNEHT.ac.uk,Andrew,Hunt
Faculty of Art,B61,R4007,250,TH1Z1@UoNEHT.ac.uk,Tiffany,Harrison
Faculty of Art,B61,R4010,180,SN2Z1@UoNEHT.ac.uk,Sherri,Nguyen
Faculty of Art,B61,R4017,270,JM2Z1@UoNEHT.ac.uk,Jordan,Mendoza
Faculty of Art,B61,R4021,140,BP2Z1@UoNEHT.ac.uk,Benjamin,Poole
Faculty of Art,B61,R8041,330,TL1Z1@UoNEHT.ac.uk,Thomas,Larson
Faculty of Art,B61,R9051,200,RS1Z1@UoNEHT.ac.uk,Richard,Sheppard
Faculty of Art,B68,R2008,450,MO1Z1@UoNEHT.ac.uk,Monica,Obrien
Faculty of Art,B68,R2012,270,JR1Z1@UoNEHT.ac.uk,Jonathan,Ramos
Faculty of Art,B68,R2014,80,AM2Z1@UoNEHT.ac.uk,Andrea,Merritt
Faculty of Art,B68,R4018,130,JG4Z1@UoNEHT.ac.uk,Joshua,Guerra
Faculty of Art,B68,R4025,70,DH1Z1@UoNEHT.ac.uk,Diana,Hawkins
Faculty of Art,B68,R4028,490,SC2Z1@UoNEHT.ac.uk,Sara,Cohen
Faculty of Art,B69,R4009,480,DJ1Z1@UoNEHT.ac.uk,Donna,Johnson
Faculty of Art,B69,R4012,80,DB1Z1@UoNEHT.ac.uk,David,Bennett
Faculty of Art,B69,R4015,320,SC2Z1@UoNEHT.ac.uk,Sara,Cohen
Faculty of Art,B69,R4019,40,JB1Z1@UoNEHT.ac.uk,Janice,Bradford
Faculty of Art,B69,R4020,20,MS2Z1@UoNEHT.ac.uk,Michael,Silva
Faculty of Art,B6,R1008,460,BJ1Z1@UoNEHT.ac.uk,Bruce,Jenkins
Faculty of Art,B6,R1012,440,LS1Z1@UoNEHT.ac.uk,Larry,Schultz
Faculty of Art,B6,R1017,460,PR2Z1@UoNEHT.ac.uk,Patty,Rowe
Faculty of Art,B6,R2025,140,AS3Z1@UoNEHT.ac.uk,Adam,Santana
Faculty of Art,B6,R3046,290,TF1Z1@UoNEHT.ac.uk,Tara,Friedman
Faculty of Art,B6,R4055,290,WM1Z1@UoNEHT.ac.uk,William,Mccarty
Faculty of Art,B6,R4059,190,MK1Z1@UoNEHT.ac.uk,Melinda,Keller
Faculty of Art,B6,R5061,120,KJ1Z1@UoNEHT.ac.uk,Kevin,Jones
Faculty of Art,B6,R6068,200,AM1Z1@UoNEHT.ac.uk,Amy,Morales
Faculty of Art,B74,R10060,40,MS2Z1@UoNEHT.ac.uk,Michael,Silva
Faculty of Art,B74,R10063,150,MS2Z1@UoNEHT.ac.uk,Michael,Silva
Faculty of Art,B74,R2007,40,MA1Z1@UoNEHT.ac.uk,Martha,Ayers
Faculty of Art,B75,R1003,170,NT1Z1@UoNEHT.ac.uk,Nancy,Thompson
Faculty of Art,B75,R3009,280,JM4Z1@UoNEHT.ac.uk,Joshua,Mckinney
Faculty of Art,B75,R3024,210,PV1Z1@UoNEHT.ac.uk,Patricia,Vazquez
Faculty of Art,B75,R4029,200,JB1Z1@UoNEHT.ac.uk,Janice,Bradford
Faculty of Art,B75,R4029,200,RP1Z1@UoNEHT.ac.uk,Richard,Perez
Faculty of Art,B75,R4032,200,AD6Z1@UoNEHT.ac.uk,Andrew,Davis
Faculty of Art,B75,R8065,450,LR1Z1@UoNEHT.ac.uk,Lindsey,Rice
Faculty of Art,B83,R1000,210,GD1Z1@UoNEHT.ac.uk,Gail,Dudley
Faculty of Art,B83,R1001,390,BP2Z1@UoNEHT.ac.uk,Benjamin,Poole
Faculty of Art,B83,R1001,390,PV1Z1@UoNEHT.ac.uk,Patricia,Vazquez
Faculty of Art,B83,R1002,380,GD1Z1@UoNEHT.ac.uk,Gail,Dudley
Faculty of Art,B83,R1002,380,TL1Z1@UoNEHT.ac.uk,Thomas,Larson
Faculty of Art,B83,R1004,200,CM1Z1@UoNEHT.ac.uk,Christopher,Moyer
Faculty of Art,B83,R1004,200,HS1Z1@UoNEHT.ac.uk,Helen,Skinner
Faculty of Art,B83,R2005,480,NH1Z1@UoNEHT.ac.uk,Nicholas,Hamilton
Faculty of Art,B83,R2006,180,AC1Z1@UoNEHT.ac.uk,Alexis,Crosby
Faculty of Art,B83,R2006,180,JR2Z1@UoNEHT.ac.uk,Jennifer,Reid
Faculty of Art,B83,R2007,100,EP2Z1@UoNEHT.ac.uk,Elizabeth,Pham
Faculty of Art,B85,R1001,340,KJ1Z1@UoNEHT.ac.uk,Kevin,Jones
Faculty of Art,B85,R1005,150,AW2Z1@UoNEHT.ac.uk,Anita,Williams
Faculty of Art,B85,R1007,440,AD3Z1@UoNEHT.ac.uk,Alicia,Daniels
Faculty of Art,B85,R1016,290,JR2Z1@UoNEHT.ac.uk,Jennifer,Reid
Faculty of Art,B85,R2020,290,LS1Z1@UoNEHT.ac.uk,Larry,Schultz
Faculty of Art,B85,R2031,180,AD1Z1@UoNEHT.ac.uk,Adrian,Diaz
Faculty of Art,B85,R5046,410,GF2Z1@UoNEHT.ac.uk,Greg,Frazier
Faculty of Art,B89,R1001,300,JM7Z1@UoNEHT.ac.uk,Janice,Moss
Faculty of Art,B89,R1002,290,BK1Z1@UoNEHT.ac.uk,Brittany,Kim
Faculty of Art,B89,R1005,90,LS1Z1@UoNEHT.ac.uk,Larry,Schultz
Faculty of Art,B89,R1010,290,BJ1Z1@UoNEHT.ac.uk,Bruce,Jenkins
Faculty of Art,B89,R1012,280,BP2Z1@UoNEHT.ac.uk,Benjamin,Poole
Faculty of Art,B89,R1012,280,GD1Z1@UoNEHT.ac.uk,Gail,Dudley
Faculty of Art,B89,R1013,90,LG3Z1@UoNEHT.ac.uk,Lisa,Greer
Faculty of Art,B89,R1015,80,TW2Z1@UoNEHT.ac.uk,Tiffany,Walker
Faculty of Art,B89,R4033,220,JL3Z1@UoNEHT.ac.uk,Jason,Lozano
Faculty of Art,B89,R4035,190,GF1Z1@UoNEHT.ac.uk,George,Ford
Faculty of Art,B89,R4035,190,JM7Z1@UoNEHT.ac.uk,Janice,Moss
Faculty of Art,B90,R1006,320,MS2Z1@UoNEHT.ac.uk,Michael,Silva
Faculty of Art,B90,R2013,120,DL1Z1@UoNEHT.ac.uk,David,Leonard
Faculty of Art,B90,R3021,360,RP1Z1@UoNEHT.ac.uk,Richard,Perez
Faculty of Art,B90,R5053,260,HS1Z1@UoNEHT.ac.uk,Helen,Skinner
Faculty of Art,B90,R6064,80,DG1Z1@UoNEHT.ac.uk,Douglas,Gross
Faculty of Art,B90,R7084,480,TH1Z1@UoNEHT.ac.uk,Tiffany,Harrison
Faculty of Art,B90,R8091,50,MK2Z1@UoNEHT.ac.uk,Michael,Key
Faculty of Art,B91,R3014,390,LM2Z1@UoNEHT.ac.uk,Lynn,Maxwell
Faculty of Art,B91,R3031,240,TD1Z1@UoNEHT.ac.uk,Tina,David
Faculty of Art,B91,R6055,100,BW1Z1@UoNEHT.ac.uk,Breanna,White
Faculty of Art,B91,R7071,320,TH1Z1@UoNEHT.ac.uk,Tiffany,Harrison
Faculty of Art,B91,R7078,20,AD1Z1@UoNEHT.ac.uk,Adrian,Diaz
Faculty of Art,B97,R1004,40,SC2Z1@UoNEHT.ac.uk,Sara,Cohen
Faculty of Art,B97,R1023,220,NM1Z1@UoNEHT.ac.uk,Natalie,Miller
Faculty of Art,B9,R2012,20,MM2Z1@UoNEHT.ac.uk,Melanie,Morse
Faculty of Art,B9,R5030,180,DM1Z1@UoNEHT.ac.uk,Danielle,Martin
Faculty of Art,B9,R5037,250,CS2Z1@UoNEHT.ac.uk,Carolyn,Sellers
Faculty of Art,B9,R8054,320,GF2Z1@UoNEHT.ac.uk,Greg,Frazier
Faculty of Art,B9,R8055,230,AM5Z1@UoNEHT.ac.uk,Andrea,Marshall
Faculty of Art,B9,R8055,230,AT1Z1@UoNEHT.ac.uk,Amy,Taylor
Faculty of Art,B9,R9056,100,JG3Z1@UoNEHT.ac.uk,Justin,Gardner
Faculty of Languages,B100,R2002,480,EH1Z1@UoNEHT.ac.uk,Evelyn,Hunt
Faculty of Languages,B100,R2002,480,WS1Z1@UoNEHT.ac.uk,Wendy,Scott
Faculty of Languages,B100,R2003,90,SK1Z1@UoNEHT.ac.uk,Susan,Keith
Faculty of Languages,B100,R2005,210,EL2Z1@UoNEHT.ac.uk,Edward,Lewis
Faculty of Languages,B100,R2005,210,KD1Z1@UoNEHT.ac.uk,Kayla,Dennis
Faculty of Languages,B100,R2008,300,RR4Z1@UoNEHT.ac.uk,Ricardo,Ruiz
Faculty of Languages,B100,R2010,100,AG1Z1@UoNEHT.ac.uk,Ann,Garrison
Faculty of Languages,B100,R2010,100,KB1Z1@UoNEHT.ac.uk,Kenneth,Baker
Faculty of Languages,B100,R2010,100,MJ2Z1@UoNEHT.ac.uk,Molly,Jones
Faculty of Languages,B100,R2011,400,BE2Z1@UoNEHT.ac.uk,Brian,Edwards
Faculty of Languages,B11,R2012,360,SD1Z1@UoNEHT.ac.uk,Sharon,Dunn
Faculty of Languages,B11,R2018,20,PF1Z1@UoNEHT.ac.uk,Patrick,Fields
Faculty of Languages,B11,R2022,470,MC2Z1@UoNEHT.ac.uk,Michael,Cooper
Faculty of Languages,B11,R2022,470,VM1Z1@UoNEHT.ac.uk,Veronica,Miller
Faculty of Languages,B11,R3030,380,KB1Z1@UoNEHT.ac.uk,Kenneth,Baker
Faculty of Languages,B11,R3035,390,ER1Z1@UoNEHT.ac.uk,Elizabeth,Robertson
Faculty of Languages,B11,R5040,470,JW3Z1@UoNEHT.ac.uk,John,Wang
Faculty of Languages,B14,R1002,60,RR1Z1@UoNEHT.ac.uk,Robert,Reynolds
Faculty of Languages,B14,R1002,60,TM5Z1@UoNEHT.ac.uk,Thomas,Mclaughlin
Faculty of Languages,B14,R1002,60,VM1Z1@UoNEHT.ac.uk,Veronica,Miller
Faculty of Languages,B14,R2005,80,MS4Z1@UoNEHT.ac.uk,Meagan,Snyder
Faculty of Languages,B14,R2010,250,JM3Z1@UoNEHT.ac.uk,Joseph,Mcclain
Faculty of Languages,B17,R3018,200,MD1Z1@UoNEHT.ac.uk,Monica,Douglas
Faculty of Languages,B17,R3020,410,NC1Z1@UoNEHT.ac.uk,Nancy,Costa
Faculty of Languages,B17,R3037,150,SA3Z1@UoNEHT.ac.uk,Stephanie,Arnold
Faculty of Languages,B17,R4038,190,WS1Z1@UoNEHT.ac.uk,Wendy,Scott
Faculty of Languages,B17,R7046,250,MM3Z1@UoNEHT.ac.uk,Michael,Maldonado
Faculty of Languages,B17,R7050,360,MW3Z1@UoNEHT.ac.uk,Matthew,Werner
Faculty of Languages,B17,R8055,490,LM3Z1@UoNEHT.ac.uk,Lauren,Mccoy
Faculty of Languages,B17,R8061,370,MH2Z1@UoNEHT.ac.uk,Matthew,Hart
Faculty of Languages,B23,R2006,390,FF1Z1@UoNEHT.ac.uk,Frank,Fernandez
Faculty of Languages,B23,R2011,90,RW1Z1@UoNEHT.ac.uk,Robert,Walters
Faculty of Languages,B23,R3020,160,AM3Z1@UoNEHT.ac.uk,Ashley,Miller
Faculty of Languages,B23,R3029,230,JM8Z1@UoNEHT.ac.uk,Jesse,Moore
Faculty of Languages,B23,R3031,400,JC4Z1@UoNEHT.ac.uk,Joshua,Cole
Faculty of Languages,B23,R3041,70,CC1Z1@UoNEHT.ac.uk,Cassandra,Clark
Faculty of Languages,B25,R1005,420,BS1Z1@UoNEHT.ac.uk,Barry,Sandoval
Faculty of Languages,B25,R1005,420,JW1Z1@UoNEHT.ac.uk,Janet,Woods
Faculty of Languages,B25,R2007,70,RW2Z1@UoNEHT.ac.uk,Robert,Wall
Faculty of Languages,B25,R4020,250,AT2Z1@UoNEHT.ac.uk,Ashley,Tate
Faculty of Languages,B25,R5035,20,LG1Z1@UoNEHT.ac.uk,Lauren,Greene
Faculty of Languages,B25,R5041,30,SA3Z1@UoNEHT.ac.uk,Stephanie,Arnold
Faculty of Languages,B25,R6049,350,SK1Z1@UoNEHT.ac.uk,Susan,Keith
Faculty of Languages,B25,R7072,280,MD1Z1@UoNEHT.ac.uk,Monica,Douglas
Faculty of Languages,B25,R8090,190,SD1Z1@UoNEHT.ac.uk,Sharon,Dunn
Faculty of Languages,B25,R8095,380,SG1Z1@UoNEHT.ac.uk,Sara,Gilbert
Faculty of Languages,B26,R1000,330,MJ2Z1@UoNEHT.ac.uk,Molly,Jones
Faculty of Languages,B26,R1005,480,CB1Z1@UoNEHT.ac.uk,Charles,Brady
Faculty of Languages,B26,R1006,420,SW1Z1@UoNEHT.ac.uk,Samuel,Wilson
Faculty of Languages,B26,R1008,340,NW1Z1@UoNEHT.ac.uk,Nicholas,Williams
Faculty of Languages,B26,R1013,10,EL2Z1@UoNEHT.ac.uk,Edward,Lewis
Faculty of Languages,B26,R1016,380,LH1Z1@UoNEHT.ac.uk,Louis,Hoover
Faculty of Languages,B30,R2003,20,MM3Z1@UoNEHT.ac.uk,Michael,Maldonado
Faculty of Languages,B30,R2003,20,ST1Z1@UoNEHT.ac.uk,Steven,Thompson
Faculty of Languages,B30,R3006,160,BT1Z1@UoNEHT.ac.uk,Brendan,Turner
Faculty of Languages,B30,R3009,60,RR1Z1@UoNEHT.ac.uk,Robert,Reynolds
Faculty of Languages,B31,R1000,110,EM1Z1@UoNEHT.ac.uk,Eric,Mcdonald
Faculty of Languages,B31,R1001,250,EG1Z1@UoNEHT.ac.uk,Edwin,Griffin
Faculty of Languages,B31,R1002,110,DF1Z1@UoNEHT.ac.uk,Dennis,Fuentes
Faculty of Languages,B31,R1002,110,DS6Z1@UoNEHT.ac.uk,Danielle,Stone
Faculty of Languages,B31,R1002,110,JJ6Z1@UoNEHT.ac.uk,John,Johnson
Faculty of Languages,B31,R1004,260,KB3Z1@UoNEHT.ac.uk,Kara,Brown
Faculty of Languages,B31,R1007,140,TB1Z1@UoNEHT.ac.uk,Thomas,Boyd
Faculty of Languages,B31,R2011,390,DS6Z1@UoNEHT.ac.uk,Danielle,Stone
Faculty of Languages,B31,R2015,400,CH3Z1@UoNEHT.ac.uk,Chad,Hardy
Faculty of Languages,B31,R3017,390,AL1Z1@UoNEHT.ac.uk,Andrew,Lewis
Faculty of Languages,B33,R2007,110,KC1Z1@UoNEHT.ac.uk,Keith,Carroll
Faculty of Languages,B33,R3010,490,EG1Z1@UoNEHT.ac.uk,Edwin,Griffin
Faculty of Languages,B33,R5035,470,BE1Z1@UoNEHT.ac.uk,Brett,Erickson
Faculty of Languages,B33,R6042,430,MJ2Z1@UoNEHT.ac.uk,Molly,Jones
Faculty of Languages,B33,R8048,360,WS1Z1@UoNEHT.ac.uk,Wendy,Scott
Faculty of Languages,B33,R8054,120,YC1Z1@UoNEHT.ac.uk,Yvonne,Choi
Faculty of Languages,B33,R9062,130,AL2Z1@UoNEHT.ac.uk,Alan,Lucas
Faculty of Languages,B35,R1002,70,SG1Z1@UoNEHT.ac.uk,Sara,Gilbert
Faculty of Languages,B35,R1003,370,LM3Z1@UoNEHT.ac.uk,Lauren,Mccoy
Faculty of Languages,B35,R1003,370,MM3Z1@UoNEHT.ac.uk,Michael,Maldonado
Faculty of Languages,B35,R4013,270,RW1Z1@UoNEHT.ac.uk,Robert,Walters
Faculty of Languages,B35,R4014,160,MR1Z1@UoNEHT.ac.uk,Michael,Rogers
Faculty of Languages,B35,R4017,440,CC2Z1@UoNEHT.ac.uk,Carrie,Cameron
Faculty of Languages,B35,R4030,30,GM1Z1@UoNEHT.ac.uk,Gregory,Miller
Faculty of Languages,B38,R2016,10,LM3Z1@UoNEHT.ac.uk,Lauren,Mccoy
Faculty of Languages,B38,R2016,10,NC1Z1@UoNEHT.ac.uk,Nancy,Costa
Faculty of Languages,B38,R2020,450,TM1Z1@UoNEHT.ac.uk,Tony,Miller
Faculty of Languages,B38,R2023,80,CC1Z1@UoNEHT.ac.uk,Cassandra,Clark
Faculty of Languages,B38,R2023,80,DC1Z1@UoNEHT.ac.uk,Dean,Cruz
Faculty of Languages,B39,R2010,490,SA3Z1@UoNEHT.ac.uk,Stephanie,Arnold
Faculty of Languages,B39,R3024,390,DB3Z1@UoNEHT.ac.uk,Deborah,Bailey
Faculty of Languages,B39,R3026,320,AP2Z1@UoNEHT.ac.uk,Alexander,Pierce
Faculty of Languages,B39,R3026,320,KH2Z1@UoNEHT.ac.uk,Karen,Hamilton
Faculty of Languages,B39,R6059,120,AE1Z1@UoNEHT.ac.uk,Alicia,Elliott
Faculty of Languages,B39,R7063,160,RR4Z1@UoNEHT.ac.uk,Ricardo,Ruiz
Faculty of Languages,B39,R7074,230,AH3Z1@UoNEHT.ac.uk,Amber,Harris
Faculty of Languages,B39,R7078,340,SD1Z1@UoNEHT.ac.uk,Sharon,Dunn
Faculty of Languages,B39,R9088,90,TC2Z1@UoNEHT.ac.uk,Tracy,Carey
Faculty of Languages,B41,R1009,310,JK1Z1@UoNEHT.ac.uk,Jared,Knight
Faculty of Languages,B41,R1023,250,AC2Z1@UoNEHT.ac.uk,Ana,Cooper
Faculty of Languages,B41,R3035,340,SG1Z1@UoNEHT.ac.uk,Sara,Gilbert
Faculty of Languages,B41,R4049,250,KC1Z1@UoNEHT.ac.uk,Keith,Carroll
Faculty of Languages,B41,R4054,290,CS1Z1@UoNEHT.ac.uk,Christine,Small
Faculty of Languages,B41,R5061,260,BT1Z1@UoNEHT.ac.uk,Brendan,Turner
Faculty of Languages,B41,R6079,460,DM3Z1@UoNEHT.ac.uk,Dakota,Murphy
Faculty of Languages,B52,R1000,430,LG1Z1@UoNEHT.ac.uk,Lauren,Greene
Faculty of Languages,B52,R1001,460,JC1Z1@UoNEHT.ac.uk,Julia,Cooper
Faculty of Languages,B52,R1003,370,EL2Z1@UoNEHT.ac.uk,Edward,Lewis
Faculty of Languages,B52,R1004,210,LH1Z1@UoNEHT.ac.uk,Louis,Hoover
Faculty of Languages,B52,R3019,270,BE1Z1@UoNEHT.ac.uk,Brett,Erickson
Faculty of Languages,B52,R3022,260,BT1Z1@UoNEHT.ac.uk,Brendan,Turner
Faculty of Languages,B52,R3025,20,NC1Z1@UoNEHT.ac.uk,Nancy,Costa
Faculty of Languages,B52,R3027,320,KB3Z1@UoNEHT.ac.uk,Kara,Brown
Faculty of Languages,B54,R8043,150,RR1Z1@UoNEHT.ac.uk,Robert,Reynolds
Faculty of Languages,B54,R9054,340,DM4Z1@UoNEHT.ac.uk,Danielle,Mendez
Faculty of Languages,B54,R9054,340,LS2Z1@UoNEHT.ac.uk,Lisa,Soto
Faculty of Languages,B55,R2008,370,CC2Z1@UoNEHT.ac.uk,Carrie,Cameron
Faculty of Languages,B55,R2013,410,CB1Z1@UoNEHT.ac.uk,Charles,Brady
Faculty of Languages,B55,R3018,430,MM3Z1@UoNEHT.ac.uk,Michael,Maldonado
Faculty of Languages,B55,R3022,220,CC1Z1@UoNEHT.ac.uk,Cassandra,Clark
Faculty of Languages,B55,R4040,250,ML1Z1@UoNEHT.ac.uk,Melissa,Long
Faculty of Languages,B55,R4041,300,LS2Z1@UoNEHT.ac.uk,Lisa,Soto
Faculty of Languages,B56,R11059,350,EP1Z1@UoNEHT.ac.uk,Emily,Pitts
Faculty of Languages,B56,R16091,220,LS2Z1@UoNEHT.ac.uk,Lisa,Soto
Faculty of Languages,B56,R16091,220,MS3Z1@UoNEHT.ac.uk,Matthew,Stanton
Faculty of Languages,B56,R2011,90,EG1Z1@UoNEHT.ac.uk,Edwin,Griffin
Faculty of Languages,B56,R2015,170,SC4Z1@UoNEHT.ac.uk,Stephanie,Contreras
Faculty of Languages,B56,R4029,380,DB2Z1@UoNEHT.ac.uk,Daniel,Bowen
Faculty of Languages,B63,R1000,230,CC2Z1@UoNEHT.ac.uk,Carrie,Cameron
Faculty of Languages,B64,R2005,230,ML1Z1@UoNEHT.ac.uk,Melissa,Long
Faculty of Languages,B64,R2009,70,KS2Z1@UoNEHT.ac.uk,Kristen,Scott
Faculty of Languages,B64,R2014,110,CC2Z1@UoNEHT.ac.uk,Carrie,Cameron
Faculty of Languages,B64,R2018,40,KB1Z1@UoNEHT.ac.uk,Kenneth,Baker
Faculty of Languages,B64,R2018,40,KH2Z1@UoNEHT.ac.uk,Karen,Hamilton
Faculty of Languages,B64,R2023,420,JJ2Z1@UoNEHT.ac.uk,Joyce,Jones
Faculty of Languages,B64,R2026,280,DF1Z1@UoNEHT.ac.uk,Dennis,Fuentes
Faculty of Languages,B64,R2027,10,CS1Z1@UoNEHT.ac.uk,Christine,Small
Faculty of Languages,B64,R2035,230,CT2Z1@UoNEHT.ac.uk,Christopher,Torres
Faculty of Languages,B64,R2041,220,MC2Z1@UoNEHT.ac.uk,Michael,Cooper
Faculty of Languages,B65,R2003,470,DS1Z1@UoNEHT.ac.uk,David,Stafford
Faculty of Languages,B65,R2004,280,LS2Z1@UoNEHT.ac.uk,Lisa,Soto
Faculty of Languages,B65,R6032,250,BE1Z1@UoNEHT.ac.uk,Brett,Erickson
Faculty of Languages,B65,R6048,450,CH2Z1@UoNEHT.ac.uk,Cheryl,Hunter
Faculty of Languages,B65,R8057,270,MH2Z1@UoNEHT.ac.uk,Matthew,Hart
Faculty of Languages,B65,R8062,330,JK1Z1@UoNEHT.ac.uk,Jared,Knight
Faculty of Languages,B71,R2012,280,DM3Z1@UoNEHT.ac.uk,Dakota,Murphy
Faculty of Languages,B71,R3020,110,SR1Z1@UoNEHT.ac.uk,Samuel,Reynolds
Faculty of Languages,B71,R3023,460,JJ4Z1@UoNEHT.ac.uk,Justin,Johnson
Faculty of Languages,B71,R5031,140,CB2Z1@UoNEHT.ac.uk,Courtney,Blair
Faculty of Languages,B71,R7042,350,KC1Z1@UoNEHT.ac.uk,Keith,Carroll
Faculty of Languages,B72,R11044,90,JC3Z1@UoNEHT.ac.uk,Jennifer,Clark
Faculty of Languages,B72,R11052,200,AH2Z1@UoNEHT.ac.uk,Angie,Hamilton
Faculty of Languages,B72,R11053,380,JP3Z1@UoNEHT.ac.uk,Jennifer,Patton
Faculty of Languages,B72,R11053,380,NY1Z1@UoNEHT.ac.uk,Nicole,Young
Faculty of Languages,B72,R4013,110,MW3Z1@UoNEHT.ac.uk,Matthew,Werner
Faculty of Languages,B76,R2004,230,BW2Z1@UoNEHT.ac.uk,Beth,Wilson
Faculty of Languages,B76,R2019,140,KS3Z1@UoNEHT.ac.uk,Kyle,Soto
Faculty of Languages,B76,R5029,450,DS5Z1@UoNEHT.ac.uk,Dana,Shaffer
Faculty of Languages,B76,R7047,100,DM3Z1@UoNEHT.ac.uk,Dakota,Murphy
Faculty of Languages,B77,R3007,470,PF1Z1@UoNEHT.ac.uk,Patrick,Fields
Faculty of Languages,B77,R3008,410,MF2Z1@UoNEHT.ac.uk,Morgan,Fuller
Faculty of Languages,B77,R6035,160,DS3Z1@UoNEHT.ac.uk,Dana,Schmidt
Faculty of Languages,B77,R6036,430,DS5Z1@UoNEHT.ac.uk,Dana,Shaffer
Faculty of Languages,B77,R6038,110,CC1Z1@UoNEHT.ac.uk,Cassandra,Clark
Faculty of Languages,B77,R6039,90,MJ2Z1@UoNEHT.ac.uk,Molly,Jones
Faculty of Languages,B77,R6039,90,MW5Z1@UoNEHT.ac.uk,Michael,White
Faculty of Languages,B77,R6044,400,JK2Z1@UoNEHT.ac.uk,Jasmine,Kline
Faculty of Languages,B77,R7062,60,JP2Z1@UoNEHT.ac.uk,Juan,Pierce
Faculty of Languages,B79,R2007,10,MB1Z1@UoNEHT.ac.uk,Mark,Barron
Faculty of Languages,B79,R4026,420,DS4Z1@UoNEHT.ac.uk,Debra,Sanchez
Faculty of Languages,B79,R6049,300,ST1Z1@UoNEHT.ac.uk,Steven,Thompson
Faculty of Languages,B79,R6059,170,AE1Z1@UoNEHT.ac.uk,Alicia,Elliott
Faculty of Languages,B79,R6071,120,AG1Z1@UoNEHT.ac.uk,Ann,Garrison
Faculty of Languages,B79,R6073,260,AL1Z1@UoNEHT.ac.uk,Andrew,Lewis
Faculty of Languages,B79,R6075,40,LH1Z1@UoNEHT.ac.uk,Louis,Hoover
Faculty of Languages,B79,R8082,410,TM5Z1@UoNEHT.ac.uk,Thomas,Mclaughlin
Faculty of Languages,B80,R10049,270,KB1Z1@UoNEHT.ac.uk,Kenneth,Baker
Faculty of Languages,B80,R2006,210,JD3Z1@UoNEHT.ac.uk,James,Diaz
Faculty of Languages,B80,R2015,280,MM1Z1@UoNEHT.ac.uk,Mary,Myers
Faculty of Languages,B80,R3017,480,RW1Z1@UoNEHT.ac.uk,Robert,Walters
Faculty of Languages,B80,R7027,430,MH2Z1@UoNEHT.ac.uk,Matthew,Hart
Faculty of Languages,B81,R1001,290,CB1Z1@UoNEHT.ac.uk,Charles,Brady
Faculty of Languages,B81,R1004,220,FF1Z1@UoNEHT.ac.uk,Frank,Fernandez
Faculty of Languages,B81,R1007,180,AL1Z1@UoNEHT.ac.uk,Andrew,Lewis
Faculty of Languages,B81,R1007,180,BS1Z1@UoNEHT.ac.uk,Barry,Sandoval
Faculty of Languages,B81,R1008,310,DS4Z1@UoNEHT.ac.uk,Debra,Sanchez
Faculty of Languages,B81,R2010,220,JM8Z1@UoNEHT.ac.uk,Jesse,Moore
Faculty of Languages,B81,R2010,220,KS3Z1@UoNEHT.ac.uk,Kyle,Soto
Faculty of Languages,B82,R1002,230,KH2Z1@UoNEHT.ac.uk,Karen,Hamilton
Faculty of Languages,B82,R1008,40,DB2Z1@UoNEHT.ac.uk,Daniel,Bowen
Faculty of Languages,B82,R1008,40,RR4Z1@UoNEHT.ac.uk,Ricardo,Ruiz
Faculty of Languages,B82,R1009,460,YC1Z1@UoNEHT.ac.uk,Yvonne,Choi
Faculty of Languages,B82,R1010,30,MM1Z1@UoNEHT.ac.uk,Mary,Myers
Faculty of Languages,B82,R1012,60,GM1Z1@UoNEHT.ac.uk,Gregory,Miller
Faculty of Languages,B82,R1012,60,KS3Z1@UoNEHT.ac.uk,Kyle,Soto
Faculty of Languages,B82,R1014,160,JM1Z1@UoNEHT.ac.uk,Juan,Miller
Faculty of Languages,B82,R1015,250,CD2Z1@UoNEHT.ac.uk,Christine,Dixon
Faculty of Languages,B82,R5024,490,RC1Z1@UoNEHT.ac.uk,Robert,Chavez
Faculty of Languages,B82,R5026,150,RR1Z1@UoNEHT.ac.uk,Robert,Reynolds
Faculty of Languages,B82,R5031,180,SG1Z1@UoNEHT.ac.uk,Sara,Gilbert
Faculty of Languages,B82,R5033,230,RR4Z1@UoNEHT.ac.uk,Ricardo,Ruiz
Faculty of Languages,B84,R1000,400,RM3Z1@UoNEHT.ac.uk,Roy,Martinez
Faculty of Languages,B84,R4019,490,SD1Z1@UoNEHT.ac.uk,Sharon,Dunn
Faculty of Languages,B84,R4025,20,MP1Z1@UoNEHT.ac.uk,Mary,Perkins
Faculty of Languages,B84,R4029,250,RC1Z1@UoNEHT.ac.uk,Robert,Chavez
Faculty of Languages,B84,R4031,370,BH1Z1@UoNEHT.ac.uk,Benjamin,Holt
Faculty of Languages,B93,R10054,230,SA3Z1@UoNEHT.ac.uk,Stephanie,Arnold
Faculty of Languages,B93,R2012,140,JW3Z1@UoNEHT.ac.uk,John,Wang
Faculty of Languages,B93,R3018,70,TM2Z1@UoNEHT.ac.uk,Taylor,Maldonado
Faculty of Languages,B93,R6031,280,CH2Z1@UoNEHT.ac.uk,Cheryl,Hunter
Faculty of Languages,B93,R7042,320,SL1Z1@UoNEHT.ac.uk,Samuel,Lambert
Faculty of Languages,B93,R8045,250,JW3Z1@UoNEHT.ac.uk,John,Wang
Faculty of Languages,B94,R1006,420,DD1Z1@UoNEHT.ac.uk,David,Delgado
Faculty of Languages,B94,R1008,460,BT1Z1@UoNEHT.ac.uk,Brendan,Turner
Faculty of Languages,B94,R1009,340,DA1Z1@UoNEHT.ac.uk,Deborah,Adams
Faculty of Languages,B94,R2010,460,LM3Z1@UoNEHT.ac.uk,Lauren,Mccoy
Faculty of Languages,B94,R2011,60,NC1Z1@UoNEHT.ac.uk,Nancy,Costa
Faculty of Languages,B94,R3012,100,SS2Z1@UoNEHT.ac.uk,Stephen,Shaw
Faculty of Languages,B94,R3014,490,MM1Z1@UoNEHT.ac.uk,Mary,Myers
Faculty of Languages,B98,R1016,80,KS3Z1@UoNEHT.ac.uk,Kyle,Soto
Faculty of Languages,B98,R5066,30,LC1Z1@UoNEHT.ac.uk,Lori,Cuevas
Faculty of Languages,B98,R8088,100,JL1Z1@UoNEHT.ac.uk,Jeremy,Little
Faculty of Languages,B98,R8089,190,SK1Z1@UoNEHT.ac.uk,Susan,Keith
Faculty of Languages,B98,R8090,380,DS5Z1@UoNEHT.ac.uk,Dana,Shaffer
Faculty of Languages,B99,R1004,320,JS2Z1@UoNEHT.ac.uk,Jeff,Sullivan
Faculty of Languages,B99,R1005,30,JG2Z1@UoNEHT.ac.uk,Joseph,Gonzales
Faculty of Languages,B99,R1009,170,EL2Z1@UoNEHT.ac.uk,Edward,Lewis
Faculty of Languages,B99,R1010,270,SK1Z1@UoNEHT.ac.uk,Susan,Keith
Faculty of Languages,B99,R7058,490,RM3Z1@UoNEHT.ac.uk,Roy,Martinez
Faculty of Languages,B99,R8069,180,MM1Z1@UoNEHT.ac.uk,Mary,Myers
Faculty of Languages,B99,R9079,400,RW1Z1@UoNEHT.ac.uk,Robert,Walters
Faculty of Technology,B12,R1000,120,CE1Z1@UoNEHT.ac.uk,Christopher,Eaton
Faculty of Technology,B12,R1000,120,PG2Z1@UoNEHT.ac.uk,Patty,Gray
Faculty of Technology,B12,R1004,330,PG2Z1@UoNEHT.ac.uk,Patty,Gray
Faculty of Technology,B12,R1007,90,JW2Z1@UoNEHT.ac.uk,John,Watts
Faculty of Technology,B12,R1009,480,MD2Z1@UoNEHT.ac.uk,Melissa,Day
Faculty of Technology,B12,R2030,350,JH3Z1@UoNEHT.ac.uk,Jesse,Hickman
Faculty of Technology,B12,R2036,100,EB1Z1@UoNEHT.ac.uk,Elizabeth,Brady
Faculty of Technology,B12,R2045,60,KW2Z1@UoNEHT.ac.uk,Kristin,Wilson
Faculty of Technology,B12,R2049,220,MN1Z1@UoNEHT.ac.uk,Mitchell,Nelson
Faculty of Technology,B12,R5062,80,DH3Z1@UoNEHT.ac.uk,Dylan,Hinton
Faculty of Technology,B12,R6076,20,VB1Z1@UoNEHT.ac.uk,Vernon,Barr
Faculty of Technology,B12,R6077,240,KT1Z1@UoNEHT.ac.uk,Kevin,Tucker
Faculty of Technology,B13,R2005,140,MG2Z1@UoNEHT.ac.uk,Mark,Gill
Faculty of Technology,B13,R2006,30,LK1Z1@UoNEHT.ac.uk,Lindsay,King
Faculty of Technology,B13,R3007,320,JM6Z1@UoNEHT.ac.uk,Jack,Mccarthy
Faculty of Technology,B13,R8040,350,EB1Z1@UoNEHT.ac.uk,Elizabeth,Brady
Faculty of Technology,B13,R8043,160,JW2Z1@UoNEHT.ac.uk,John,Watts
Faculty of Technology,B13,R8083,30,JS3Z1@UoNEHT.ac.uk,Jared,Smith
Faculty of Technology,B20,R1000,190,LG2Z1@UoNEHT.ac.uk,Laura,Green
Faculty of Technology,B20,R1002,380,AK1Z1@UoNEHT.ac.uk,Amy,Kennedy
Faculty of Technology,B20,R1002,380,GB1Z1@UoNEHT.ac.uk,Gordon,Butler
Faculty of Technology,B20,R11083,200,LG2Z1@UoNEHT.ac.uk,Laura,Green
Faculty of Technology,B20,R2017,200,RV1Z1@UoNEHT.ac.uk,Robert,Velasquez
Faculty of Technology,B20,R3018,490,MF3Z1@UoNEHT.ac.uk,Melinda,Fields
Faculty of Technology,B20,R9064,420,JG6Z1@UoNEHT.ac.uk,Jonathan,George
Faculty of Technology,B24,R2008,280,CS3Z1@UoNEHT.ac.uk,Carol,Snyder
Faculty of Technology,B24,R3010,310,TW1Z1@UoNEHT.ac.uk,Timothy,Wang
Faculty of Technology,B24,R3012,450,JR5Z1@UoNEHT.ac.uk,James,Rodriguez
Faculty of Technology,B24,R4024,270,KR1Z1@UoNEHT.ac.uk,Kenneth,Robinson
Faculty of Technology,B24,R4053,270,SA2Z1@UoNEHT.ac.uk,Shannon,Acosta
Faculty of Technology,B24,R4054,200,SM1Z1@UoNEHT.ac.uk,Steven,Mitchell
Faculty of Technology,B24,R4057,370,JC5Z1@UoNEHT.ac.uk,Jessica,Chandler
Faculty of Technology,B24,R8073,330,JH2Z1@UoNEHT.ac.uk,Janet,Harrison
Faculty of Technology,B27,R3008,20,SM1Z1@UoNEHT.ac.uk,Steven,Mitchell
Faculty of Technology,B27,R3012,420,JC2Z1@UoNEHT.ac.uk,Jaclyn,Carpenter
Faculty of Technology,B27,R3017,250,RB2Z1@UoNEHT.ac.uk,Robert,Becker
Faculty of Technology,B27,R3018,430,MW1Z1@UoNEHT.ac.uk,Mary,Wilson
Faculty of Technology,B27,R3020,60,FM1Z1@UoNEHT.ac.uk,Frank,Murphy
Faculty of Technology,B27,R3021,130,LP1Z1@UoNEHT.ac.uk,Leslie,Petty
Faculty of Technology,B27,R3022,410,RB1Z1@UoNEHT.ac.uk,Robert,Burnett
Faculty of Technology,B27,R3024,280,SJ2Z1@UoNEHT.ac.uk,Samantha,Jackson
Faculty of Technology,B27,R3025,310,JD1Z1@UoNEHT.ac.uk,Jenna,Donaldson
Faculty of Technology,B27,R4034,400,AP1Z1@UoNEHT.ac.uk,Andrea,Parker
Faculty of Technology,B27,R6052,300,FR1Z1@UoNEHT.ac.uk,Fernando,Rush
Faculty of Technology,B29,R1006,470,JS3Z1@UoNEHT.ac.uk,Jared,Smith
Faculty of Technology,B29,R2009,70,CJ1Z1@UoNEHT.ac.uk,Clifford,Johnson
Faculty of Technology,B29,R2009,70,TW1Z1@UoNEHT.ac.uk,Timothy,Wang
Faculty of Technology,B2,R1001,80,MB2Z1@UoNEHT.ac.uk,Megan,Berger
Faculty of Technology,B2,R1005,300,CC4Z1@UoNEHT.ac.uk,Christian,Collins
Faculty of Technology,B2,R1019,160,CJ2Z1@UoNEHT.ac.uk,Carolyn,Johnson
Faculty of Technology,B2,R1021,30,DM2Z1@UoNEHT.ac.uk,Dale,Martinez
Faculty of Technology,B2,R2030,480,PG2Z1@UoNEHT.ac.uk,Patty,Gray
Faculty of Technology,B2,R3046,140,TM4Z1@UoNEHT.ac.uk,Todd,Mitchell
Faculty of Technology,B2,R3050,360,CT1Z1@UoNEHT.ac.uk,Cody,Thomas
Faculty of Technology,B2,R7066,50,HH1Z1@UoNEHT.ac.uk,Hector,Hernandez
Faculty of Technology,B2,R9081,310,AC3Z1@UoNEHT.ac.uk,Amanda,Campbell
Faculty of Technology,B2,R9086,390,AK1Z1@UoNEHT.ac.uk,Amy,Kennedy
Faculty of Technology,B2,R9089,110,CH1Z1@UoNEHT.ac.uk,Christopher,Harvey
Faculty of Technology,B2,R9090,460,JG1Z1@UoNEHT.ac.uk,Joshua,Garrison
Faculty of Technology,B32,R2046,40,DP1Z1@UoNEHT.ac.uk,Denise,Payne
Faculty of Technology,B32,R3047,220,JO2Z1@UoNEHT.ac.uk,Joseph,Ortiz
Faculty of Technology,B32,R3047,220,MC3Z1@UoNEHT.ac.uk,Maurice,Carson
Faculty of Technology,B32,R3052,490,FR1Z1@UoNEHT.ac.uk,Fernando,Rush
Faculty of Technology,B32,R3058,380,MN1Z1@UoNEHT.ac.uk,Mitchell,Nelson
Faculty of Technology,B32,R3058,380,RR3Z1@UoNEHT.ac.uk,Richard,Roth
Faculty of Technology,B32,R6076,180,MJ1Z1@UoNEHT.ac.uk,Megan,Jordan
Faculty of Technology,B34,R1000,440,JH2Z1@UoNEHT.ac.uk,Janet,Harrison
Faculty of Technology,B34,R3018,10,TH2Z1@UoNEHT.ac.uk,Tyler,Hudson
Faculty of Technology,B34,R3023,360,RV1Z1@UoNEHT.ac.uk,Robert,Velasquez
Faculty of Technology,B3,R1008,210,LT1Z1@UoNEHT.ac.uk,Linda,Terry
Faculty of Technology,B3,R1009,140,KR1Z1@UoNEHT.ac.uk,Kenneth,Robinson
Faculty of Technology,B3,R2012,450,DH3Z1@UoNEHT.ac.uk,Dylan,Hinton
Faculty of Technology,B3,R2013,310,MW4Z1@UoNEHT.ac.uk,Marcus,Woodard
Faculty of Technology,B3,R2014,440,MD2Z1@UoNEHT.ac.uk,Melissa,Day
Faculty of Technology,B3,R2015,490,KW1Z1@UoNEHT.ac.uk,Kelly,White
Faculty of Technology,B3,R2016,200,JM5Z1@UoNEHT.ac.uk,Joel,Morgan
Faculty of Technology,B3,R2016,200,MG1Z1@UoNEHT.ac.uk,Marc,Gonzalez
Faculty of Technology,B3,R2016,200,MN1Z1@UoNEHT.ac.uk,Mitchell,Nelson
Faculty of Technology,B3,R2017,480,JJ1Z1@UoNEHT.ac.uk,Jeremy,Jacobs
Faculty of Technology,B42,R1006,250,KW2Z1@UoNEHT.ac.uk,Kristin,Wilson
Faculty of Technology,B42,R2016,70,SA2Z1@UoNEHT.ac.uk,Shannon,Acosta
Faculty of Technology,B42,R6033,360,GW1Z1@UoNEHT.ac.uk,Gregory,Wilson
Faculty of Technology,B42,R6039,410,JR5Z1@UoNEHT.ac.uk,James,Rodriguez
Faculty of Technology,B42,R6040,40,JO2Z1@UoNEHT.ac.uk,Joseph,Ortiz
Faculty of Technology,B42,R8049,190,KS4Z1@UoNEHT.ac.uk,Kimberly,Stevens
Faculty of Technology,B42,R8050,250,TM3Z1@UoNEHT.ac.uk,Thomas,Moss
Faculty of Technology,B45,R1001,10,CJ2Z1@UoNEHT.ac.uk,Carolyn,Johnson
Faculty of Technology,B45,R2008,130,BM1Z1@UoNEHT.ac.uk,Benjamin,Mclaughlin
Faculty of Technology,B45,R2009,240,JC5Z1@UoNEHT.ac.uk,Jessica,Chandler
Faculty of Technology,B45,R3020,470,SW2Z1@UoNEHT.ac.uk,Scott,Woods
Faculty of Technology,B45,R5030,340,KW1Z1@UoNEHT.ac.uk,Kelly,White
Faculty of Technology,B45,R5032,490,JB5Z1@UoNEHT.ac.uk,Jennifer,Bennett
Faculty of Technology,B45,R5035,340,EF1Z1@UoNEHT.ac.uk,Eric,Flores
Faculty of Technology,B45,R6036,90,JB5Z1@UoNEHT.ac.uk,Jennifer,Bennett
Faculty of Technology,B45,R7049,260,FR1Z1@UoNEHT.ac.uk,Fernando,Rush
Faculty of Technology,B49,R2006,460,RB2Z1@UoNEHT.ac.uk,Robert,Becker
Faculty of Technology,B49,R3013,410,EH2Z1@UoNEHT.ac.uk,Eddie,Harris
Faculty of Technology,B49,R3017,40,ET1Z1@UoNEHT.ac.uk,Ebony,Thomas
Faculty of Technology,B49,R3018,400,JC8Z1@UoNEHT.ac.uk,Joseph,Cortez
Faculty of Technology,B49,R4037,410,JL2Z1@UoNEHT.ac.uk,Jennifer,Little
Faculty of Technology,B49,R5039,280,KB2Z1@UoNEHT.ac.uk,Kathryn,Brown
Faculty of Technology,B4,R1004,320,JC2Z1@UoNEHT.ac.uk,Jaclyn,Carpenter
Faculty of Technology,B4,R1005,440,MM4Z1@UoNEHT.ac.uk,Mary,Miller
Faculty of Technology,B4,R1012,200,RR3Z1@UoNEHT.ac.uk,Richard,Roth
Faculty of Technology,B4,R1012,200,SA2Z1@UoNEHT.ac.uk,Shannon,Acosta
Faculty of Technology,B4,R3026,300,RM4Z1@UoNEHT.ac.uk,Rebecca,Mills
Faculty of Technology,B4,R3030,260,RR2Z1@UoNEHT.ac.uk,Ryan,Reynolds
Faculty of Technology,B4,R4033,410,LN1Z1@UoNEHT.ac.uk,Louis,Nelson
Faculty of Technology,B51,R1001,340,JM6Z1@UoNEHT.ac.uk,Jack,Mccarthy
Faculty of Technology,B51,R1002,290,SB1Z1@UoNEHT.ac.uk,Steven,Ball
Faculty of Technology,B51,R1003,480,GW1Z1@UoNEHT.ac.uk,Gregory,Wilson
Faculty of Technology,B51,R1005,230,LN1Z1@UoNEHT.ac.uk,Louis,Nelson
Faculty of Technology,B51,R1008,220,DS7Z1@UoNEHT.ac.uk,Dana,Stephens
Faculty of Technology,B51,R3014,100,AD2Z1@UoNEHT.ac.uk,Annette,Davis
Faculty of Technology,B53,R1006,480,MH3Z1@UoNEHT.ac.uk,Matthew,Holmes
Faculty of Technology,B53,R1006,480,SW2Z1@UoNEHT.ac.uk,Scott,Woods
Faculty of Technology,B53,R1008,130,JH2Z1@UoNEHT.ac.uk,Janet,Harrison
Faculty of Technology,B53,R1014,20,GB1Z1@UoNEHT.ac.uk,Gordon,Butler
Faculty of Technology,B53,R1023,350,EB1Z1@UoNEHT.ac.uk,Elizabeth,Brady
Faculty of Technology,B53,R3033,130,JC2Z1@UoNEHT.ac.uk,Jaclyn,Carpenter
Faculty of Technology,B53,R3034,50,JC8Z1@UoNEHT.ac.uk,Joseph,Cortez
Faculty of Technology,B53,R3036,260,LT1Z1@UoNEHT.ac.uk,Linda,Terry
Faculty of Technology,B53,R3041,200,AD4Z1@UoNEHT.ac.uk,Amy,Delacruz
Faculty of Technology,B59,R1004,270,SC3Z1@UoNEHT.ac.uk,Stacy,Charles
Faculty of Technology,B59,R1005,440,CJ1Z1@UoNEHT.ac.uk,Clifford,Johnson
Faculty of Technology,B59,R1006,30,BC1Z1@UoNEHT.ac.uk,Brian,Contreras
Faculty of Technology,B59,R1006,30,FM1Z1@UoNEHT.ac.uk,Frank,Murphy
Faculty of Technology,B59,R1006,30,JH3Z1@UoNEHT.ac.uk,Jesse,Hickman
Faculty of Technology,B59,R1008,280,HH1Z1@UoNEHT.ac.uk,Hector,Hernandez
Faculty of Technology,B59,R1008,280,LN1Z1@UoNEHT.ac.uk,Louis,Nelson
Faculty of Technology,B60,R1005,260,SB1Z1@UoNEHT.ac.uk,Steven,Ball
Faculty of Technology,B60,R2009,100,VB1Z1@UoNEHT.ac.uk,Vernon,Barr
Faculty of Technology,B62,R1002,200,RB1Z1@UoNEHT.ac.uk,Robert,Burnett
Faculty of Technology,B62,R1005,310,LA1Z1@UoNEHT.ac.uk,Lisa,Acevedo
Faculty of Technology,B62,R1011,10,JY2Z1@UoNEHT.ac.uk,Jamie,Yang
Faculty of Technology,B62,R2014,430,TG1Z1@UoNEHT.ac.uk,Tracey,Gonzalez
Faculty of Technology,B62,R2015,330,BD1Z1@UoNEHT.ac.uk,Brianna,Davis
Faculty of Technology,B66,R1001,380,AD4Z1@UoNEHT.ac.uk,Amy,Delacruz
Faculty of Technology,B66,R1001,380,JG6Z1@UoNEHT.ac.uk,Jonathan,George
Faculty of Technology,B66,R1006,270,JR4Z1@UoNEHT.ac.uk,Jonathan,Rojas
Faculty of Technology,B66,R1007,130,AW1Z1@UoNEHT.ac.uk,Aaron,Weber
Faculty of Technology,B66,R1007,130,RM2Z1@UoNEHT.ac.uk,Richard,Martinez
Faculty of Technology,B66,R2008,40,CL1Z1@UoNEHT.ac.uk,Cheryl,Lewis
Faculty of Technology,B66,R2008,40,GB1Z1@UoNEHT.ac.uk,Gordon,Butler
Faculty of Technology,B66,R2009,70,EP3Z1@UoNEHT.ac.uk,Edwin,Pennington
Faculty of Technology,B66,R2012,120,MN1Z1@UoNEHT.ac.uk,Mitchell,Nelson
Faculty of Technology,B66,R3022,120,RS2Z1@UoNEHT.ac.uk,Richard,Smith
Faculty of Technology,B66,R3023,330,ME1Z1@UoNEHT.ac.uk,Matthew,Edwards
Faculty of Technology,B66,R3025,390,MR2Z1@UoNEHT.ac.uk,Mark,Roberts
Faculty of Technology,B66,R3027,180,JG5Z1@UoNEHT.ac.uk,Joshua,Greene
Faculty of Technology,B66,R3027,180,JY2Z1@UoNEHT.ac.uk,Jamie,Yang
Faculty of Technology,B66,R3028,240,JJ5Z1@UoNEHT.ac.uk,Jessica,Johnson
Faculty of Technology,B67,R1008,180,JR5Z1@UoNEHT.ac.uk,James,Rodriguez
Faculty of Technology,B67,R2025,20,SM1Z1@UoNEHT.ac.uk,Steven,Mitchell
Faculty of Technology,B67,R2028,340,WR1Z1@UoNEHT.ac.uk,Warren,Richardson
Faculty of Technology,B67,R3034,350,JH2Z1@UoNEHT.ac.uk,Janet,Harrison
Faculty of Technology,B67,R3044,120,JL2Z1@UoNEHT.ac.uk,Jennifer,Little
Faculty of Technology,B67,R3051,370,JR3Z1@UoNEHT.ac.uk,Jeffrey,Rivera
Faculty of Technology,B67,R3055,310,RB2Z1@UoNEHT.ac.uk,Robert,Becker
Faculty of Technology,B67,R4063,120,EF1Z1@UoNEHT.ac.uk,Eric,Flores
Faculty of Technology,B67,R4078,280,MW1Z1@UoNEHT.ac.uk,Mary,Wilson
Faculty of Technology,B67,R5085,30,HH1Z1@UoNEHT.ac.uk,Hector,Hernandez
Faculty of Technology,B70,R1008,330,BR1Z1@UoNEHT.ac.uk,Brent,Romero
Faculty of Technology,B70,R3028,380,JY1Z1@UoNEHT.ac.uk,John,Young
Faculty of Technology,B70,R3030,80,RB2Z1@UoNEHT.ac.uk,Robert,Becker
Faculty of Technology,B70,R3031,70,DH2Z1@UoNEHT.ac.uk,Daniel,Harper
Faculty of Technology,B70,R3033,120,BR1Z1@UoNEHT.ac.uk,Brent,Romero
Faculty of Technology,B70,R7063,200,BR1Z1@UoNEHT.ac.uk,Brent,Romero
Faculty of Technology,B73,R2004,390,CD1Z1@UoNEHT.ac.uk,Christopher,Daniels
Faculty of Technology,B73,R2005,80,SB1Z1@UoNEHT.ac.uk,Steven,Ball
Faculty of Technology,B73,R2006,440,BC1Z1@UoNEHT.ac.uk,Brian,Contreras
Faculty of Technology,B73,R3010,290,JR5Z1@UoNEHT.ac.uk,James,Rodriguez
Faculty of Technology,B73,R4015,290,MC1Z1@UoNEHT.ac.uk,Matthew,Carpenter
Faculty of Technology,B73,R4016,450,RS2Z1@UoNEHT.ac.uk,Richard,Smith
Faculty of Technology,B73,R4017,460,RM1Z1@UoNEHT.ac.uk,Rebecca,Macdonald
Faculty of Technology,B78,R2019,130,LK1Z1@UoNEHT.ac.uk,Lindsay,King
Faculty of Technology,B78,R3025,370,TC1Z1@UoNEHT.ac.uk,Timothy,Collins
Faculty of Technology,B78,R3029,310,JB2Z1@UoNEHT.ac.uk,Jason,Brown
Faculty of Technology,B78,R4041,210,SW2Z1@UoNEHT.ac.uk,Scott,Woods
Faculty of Technology,B78,R4045,50,RM2Z1@UoNEHT.ac.uk,Richard,Martinez
Faculty of Technology,B7,R1002,260,SA2Z1@UoNEHT.ac.uk,Shannon,Acosta
Faculty of Technology,B7,R1003,410,SP1Z1@UoNEHT.ac.uk,Sean,Poole
Faculty of Technology,B86,R1005,70,AD4Z1@UoNEHT.ac.uk,Amy,Delacruz
Faculty of Technology,B86,R1013,180,AS2Z1@UoNEHT.ac.uk,Alan,Smith
Faculty of Technology,B86,R1016,410,LN1Z1@UoNEHT.ac.uk,Louis,Nelson
Faculty of Technology,B86,R1020,270,MM4Z1@UoNEHT.ac.uk,Mary,Miller
Faculty of Technology,B86,R1024,150,LA1Z1@UoNEHT.ac.uk,Lisa,Acevedo
Faculty of Technology,B86,R3032,80,AW1Z1@UoNEHT.ac.uk,Aaron,Weber
Faculty of Technology,B86,R3034,250,MC1Z1@UoNEHT.ac.uk,Matthew,Carpenter
Faculty of Technology,B86,R4035,490,KT1Z1@UoNEHT.ac.uk,Kevin,Tucker
Faculty of Technology,B86,R6040,190,LT1Z1@UoNEHT.ac.uk,Linda,Terry
Faculty of Technology,B86,R6041,180,EB1Z1@UoNEHT.ac.uk,Elizabeth,Brady
Faculty of Technology,B87,R2015,40,CJ1Z1@UoNEHT.ac.uk,Clifford,Johnson
Faculty of Technology,B87,R3020,360,SB1Z1@UoNEHT.ac.uk,Steven,Ball
Faculty of Technology,B87,R3023,440,JS3Z1@UoNEHT.ac.uk,Jared,Smith
Faculty of Technology,B87,R3028,30,JW2Z1@UoNEHT.ac.uk,John,Watts
Faculty of Technology,B87,R5057,160,KB2Z1@UoNEHT.ac.uk,Kathryn,Brown
Faculty of Technology,B87,R5063,490,MJ1Z1@UoNEHT.ac.uk,Megan,Jordan
Faculty of Technology,B87,R5064,360,ME1Z1@UoNEHT.ac.uk,Matthew,Edwards
Faculty of Technology,B87,R6067,230,CV1Z1@UoNEHT.ac.uk,Cody,Vargas
Faculty of Technology,B87,R7078,220,KH1Z1@UoNEHT.ac.uk,Keith,Hart
Faculty of Technology,B87,R7083,410,GW1Z1@UoNEHT.ac.uk,Gregory,Wilson
Faculty of Technology,B88,R1001,350,JC5Z1@UoNEHT.ac.uk,Jessica,Chandler
Faculty of Technology,B88,R1003,100,TH2Z1@UoNEHT.ac.uk,Tyler,Hudson
Faculty of Technology,B88,R3019,260,EL1Z1@UoNEHT.ac.uk,Elizabeth,Lamb
Faculty of Technology,B88,R3020,260,RM1Z1@UoNEHT.ac.uk,Rebecca,Macdonald
Faculty of Technology,B88,R3037,310,SW2Z1@UoNEHT.ac.uk,Scott,Woods
Faculty of Technology,B88,R4040,340,JD1Z1@UoNEHT.ac.uk,Jenna,Donaldson
Faculty of Technology,B88,R5048,290,JG6Z1@UoNEHT.ac.uk,Jonathan,George
Faculty of Technology,B88,R9078,100,GB1Z1@UoNEHT.ac.uk,Gordon,Butler
Faculty of Technology,B8,R1009,310,SP1Z1@UoNEHT.ac.uk,Sean,Poole
Faculty of Technology,B8,R1011,490,DP1Z1@UoNEHT.ac.uk,Denise,Payne
Faculty of Technology,B8,R1015,350,AK1Z1@UoNEHT.ac.uk,Amy,Kennedy
Faculty of Technology,B8,R3036,20,AK1Z1@UoNEHT.ac.uk,Amy,Kennedy
Faculty of Technology,B8,R3042,340,CM3Z1@UoNEHT.ac.uk,Chelsea,Maynard
Faculty of Technology,B8,R4051,490,KT1Z1@UoNEHT.ac.uk,Kevin,Tucker
Faculty of Technology,B8,R4055,80,CJ1Z1@UoNEHT.ac.uk,Clifford,Johnson
Faculty of Technology,B92,R1007,360,PG2Z1@UoNEHT.ac.uk,Patty,Gray
Faculty of Technology,B92,R1007,360,RB1Z1@UoNEHT.ac.uk,Robert,Burnett
Faculty of Technology,B92,R3013,460,CD1Z1@UoNEHT.ac.uk,Christopher,Daniels
Faculty of Technology,B92,R3014,460,DS7Z1@UoNEHT.ac.uk,Dana,Stephens
Faculty of Technology,B92,R3018,290,JS4Z1@UoNEHT.ac.uk,Jason,Smith
Faculty of Technology,B92,R3022,460,AS1Z1@UoNEHT.ac.uk,Amy,Suarez
Faculty of Technology,B92,R5029,190,SP1Z1@UoNEHT.ac.uk,Sean,Poole
Faculty of Technology,B95,R1012,320,JJ5Z1@UoNEHT.ac.uk,Jessica,Johnson
Faculty of Technology,B95,R1012,320,JW2Z1@UoNEHT.ac.uk,John,Watts
Faculty of Technology,B95,R1025,120,VB1Z1@UoNEHT.ac.uk,Vernon,Barr
Faculty of Technology,B95,R1030,370,LP1Z1@UoNEHT.ac.uk,Leslie,Petty
Faculty of Technology,B95,R1034,290,SM1Z1@UoNEHT.ac.uk,Steven,Mitchell
Faculty of Technology,B95,R3041,320,CM3Z1@UoNEHT.ac.uk,Chelsea,Maynard
Faculty of Technology,B95,R4058,120,TW4Z1@UoNEHT.ac.uk,Tina,Williams
Faculty of Technology,B95,R4069,230,KS4Z1@UoNEHT.ac.uk,Kimberly,Stevens
Faculty of Technology,B95,R5074,380,RS2Z1@UoNEHT.ac.uk,Richard,Smith
Faculty of Technology,B95,R5080,350,MM5Z1@UoNEHT.ac.uk,Michael,Mann
Faculty of Technology,B95,R5086,110,ME1Z1@UoNEHT.ac.uk,Matthew,Edwards
Faculty of Technology,B96,R1000,200,CE1Z1@UoNEHT.ac.uk,Christopher,Eaton
Faculty of Technology,B96,R2004,220,BR1Z1@UoNEHT.ac.uk,Brent,Romero
Faculty of Technology,B96,R2005,140,CS3Z1@UoNEHT.ac.uk,Carol,Snyder
Faculty of Technology,B96,R2005,140,DP1Z1@UoNEHT.ac.uk,Denise,Payne
Faculty of Technology,B96,R2015,130,TW1Z1@UoNEHT.ac.uk,Timothy,Wang
Faculty of Technology,B96,R2016,20,RM2Z1@UoNEHT.ac.uk,Richard,Martinez
Faculty of Technology,B96,R2018,450,RB1Z1@UoNEHT.ac.uk,Robert,Burnett
Faculty of Technology,B96,R4026,210,TA1Z1@UoNEHT.ac.uk,Tiffany,Alvarez
